Business ID,Rating
Mac-and-Ernies-Tarpley,4
Brints-Diner-Wichita,3.5
The-Mad-Greek-Baker,3
Four-Kegs-Sports-Pub-Las-Vegas,KeyError
Four-Kegs-Sports-Pub-Las-Vegas,3.5
Hullabaloo-Diner-Wellborn,3.5
Pizza-Palace-Knoxville,KeyError
The-Penguin-Charlotte,3.5
The-Penguin-Charlotte,KeyError
Patricks-Roadhouse-Santa-Monica,4
Frosted-Mug-Alsip,4
Frosted-Mug-Alsip,3.5
The-Coffee-Cup-Boulder-City,4
Franks-Diner-Kenosha,4
Gaffey-Street-Diner-San-Pedro,KeyError
Louie-Mueller-BBQ-Taylor,3.5
Baby-Blues-BBQ-Venice,4
Barbecue-King-Drive-In-Charlotte,4
Barbecue-King-Drive-In-Charlotte,3.5
Eveready-Diner-Hyde-Park,3
Leos-BBQ-Oklahoma-City,3.5
A1-Diner-Gardiner,KeyError
Triple-XXX-Restaurant-West-Lafayette,4
Hackneys-Glenview,4
Squeeze-Inn-Sacramento,KeyError
Red-Arrow-Diner-Manchester,4
Red-Arrow-Diner-Manchester,4
Hanks-Creekside-Restaurant-Santa-Rosa,3.5
Voulas-Offshore-Cafe-Seattle,KeyError
Southside-Soda-Shop-and-Diner-Goshen,KeyError
Southside-Soda-Shop-and-Diner-Goshen,4
Taylors-Automatic-Refresher-Saint-Helena,KeyError
Byways-Cafe-Portland,3
Big-Star-Diner-Bainbridge-Island,3
Harolds-Cafe-Gaffney,3.5
Harolds-Cafe-Gaffney,KeyError
Mo-Gridders-BBQ-Bronx,4.5
Mo-Gridders-BBQ-Bronx,4
Kellys-Diner-Somerville,KeyError
Bay-Way-Diner-Linden,KeyError
Bay-Way-Diner-Linden,4.5
Beacon-Drive-In-Spartanburg,KeyError
Rosies-Diner-Rockford,4.5
Dari-ette-Drive-In-Saint-Paul,3
The-Russian-River-Pub-Forestville,4
The-Russian-River-Pub-Forestville,4
Als-Breakfast-Minneapolis,4
Falafels-Drive-In-San-Jose,3.5
Ramona-Cafe-Ramona,3.5
Ramona-Cafe-Ramona,KeyError
Silk-City-Diner-Philadelphia,4
Silk-City-Diner-Philadelphia,KeyError
Emma-Jeans-Holland-Burger-Cafe-Victorville,KeyError
The-Rock-Cafe-Stroud,4.5
The-Rock-Cafe-Stroud,KeyError
Cafe-on-the-Route-Baxter-Springs,4
Evelyns-Drive-In-Tiverton,3.5
Hodads-Ocean-Beach,3.5
Keegans-Seafood-Grille-Indian-Rocks-Beach,KeyError
Clantons-Cafe-Vinita,3
Mikes-Chili-Parlor-Seattle,KeyError
Duartes-Tavern-Pescadero,3
Bobbys-Hawaiian-Style-Restaurant-Everett,3.5
Bobbys-Hawaiian-Style-Restaurant-Everett,4
Ted-Peters-Famous-Smoked-Fish-South-Pasadena,4.5
Psycho-Suzies-Motor-Lounge-Minneapolis,3.5
Psycho-Suzies-Motor-Lounge-Minneapolis,3.5
Jay-Bees-Bar-B-Que-Gardena,3.5
Jay-Bees-Bar-B-Que-Gardena,3.5
Smoque-Chicago,4
BBQ-Shack-Paola,4
BBQ-Shack-Paola,KeyError
Mikes-City-Diner-Boston,KeyError
Willie-Birds-Restaurant-Santa-Rosa,KeyError
Alpine-Steakhouse-Sarasota,KeyError
JT-Farnhams-Seafood-and-Grill-Essex,KeyError
JT-Farnhams-Seafood-and-Grill-Essex,3
Joes-Gizzard-City-Potterville,KeyError
Grubstake-Diner-San-Francisco,KeyError
Grubstake-Diner-San-Francisco,3
Los-Tapatios-San-Jose,3.5
El-Indio-San-Diego,3.5
Charlies-Diner-Spencer,KeyError
Paradise-Pup-Des-Plaines,KeyError
Studio-Diner-San-Diego,4
White-Palace-Grill-Chicago,4
The-Dining-Car-and-Market-Philadelphia,3.5
Schooner-or-Later-Long-Beach,3.5
Grinders-Kansas-City,4
The-Fly-Trap-Ferndale,4
Gailwood-Cook-Shack-Chicago,3.5
Gailwood-Cook-Shack-Chicago,3
'"''""-Rings-and-Fries*""""-Joe''''s-Cable-Car""''"',KeyError
'"''""-Rings-and-Fries*""""-Joe''''s-Cable-Car""''"',4
"""-Rings-and-Fries*""""-The-Nook""",3.5
"""-Rings-and-Fries*""""-The-Nook""",4
'"''""-Rings-and-Fries*""""-Krazy-Jim''''s-Blimpy-Burger""''"',4
'"''""-Rings-and-Fries*""""-Krazy-Jim''''s-Blimpy-Burger""''"',4
Mustache-Bills-Barnegat-Light,4
Mustache-Bills-Barnegat-Light,4
Tick-Tock-Diner-Clifton,4.5
White-Manna-Hamburgers-Hackensack,3.5
White-Manna-Hamburgers-Hackensack,KeyError
The-Ritz-Diner-Livingston,4.5
The-Ritz-Diner-Livingston,4
Hightstown-Diner-Hightstown,4
Skylark-Diner-Edison,3.5
Jefferson-Diner-Lake-Hopatcong,4.5
Brownstone-Diner-Jersey-City,KeyError
Brownstone-Diner-Jersey-City,KeyError
39th-Street-Mamas-Kansas-City,KeyError
39th-Street-Mamas-Kansas-City,3.5
Matts-Big-Breakfast-Phoenix,4
Robertos-Mexican-Food-Phoenix,3.5
Smokey-Valley-Truck-Stop-Olive-Hill,3.5
Sweetie-Pies-Saint-Louis,3.5
Charlie-Parkers-Springfield,KeyError
Tecolote-Cafe-Santa-Fe,3.5
Virginia-Diner-Wakefield,4.5
Thee-Pitts-Again-Glendale,4
Iron-Barley-Saint-Louis,3.5
Iron-Barley-Saint-Louis,KeyError
Daddypops-Hatboro,4
The-Village-Cafe-Richmond,3.5
Chino-Bandido-Phoenix,KeyError
Marietta-Diner-Marietta,2.5
YJs-Snack-Bar-Kansas-City,4.5
Scullys-Tavern-Miami,3.5
Dots-Back-Inn-Richmond,3.5
Hillbilly-Hot-Dogs-Lesage,4
11th-Street-Diner-Miami-Beach,3.5
Bobo-Drive-In-Topeka,KeyError
Bobo-Drive-In-Topeka,KeyError
Little-Tea-Shop-Memphis,4
Panini-Petes-Fairhope,4
Joes-Farm-Grill-Gilbert,4
Marias-Taco-Express-Austin,KeyError
Cozy-Corner-Memphis,KeyError
Leonards-BBQ-Memphis,KeyError
Leonards-BBQ-Memphis,KeyError
Marlowes-Ribs-Memphis,4
Marlowes-Ribs-Memphis,3.5
Toms-Bar-B-Q-Memphis,KeyError
Toms-Bar-B-Q-Memphis,KeyError
Grampas-Bakery-and-Restaurant-Dania-Beach,4.5
Blue-Moon-Cafe-Baltimore,KeyError
Central-City-Cafe-Huntington,3.5
Tip-Top-Cafe-San-Antonio,3
Matthews-Cafeteria-Tucker,4.5
The-Rivershack-Tavern-Jefferson,5
The-Rivershack-Tavern-Jefferson,4
Monte-Carlo-Steak-House-Albuquerque,KeyError
The-Joint-New-Orleans,4
The-Shed-Ocean-Springs,4
Texas-Pride-BBQ-Adkins,4
Bennys-Seafood-Restaurant-South-Miami,4
Bennys-Seafood-Restaurant-South-Miami,3.5
Chaps-Pit-Beef-Baltimore,4
Burger-Bar-Roy,3.5
Doumars-Norfolk,KeyError
Doumars-Norfolk,4.5
Aunt-Lenas-Creamery-Chandler,3.5
The-Creole-Creamery-New-Orleans,3
Town-Talk-Diner-Minneapolis,KeyError
Blue-Plate-Diner-Salt-Lake-City,KeyError
Broadway-Diner-Baltimore,4.5
The-Highlander-Atlanta,KeyError
Gumbo-Shack-Fairhope,KeyError
Gumbo-Shack-Fairhope,4
Starlite-Lounge-Blawnox,KeyError
Starlite-Lounge-Blawnox,3.5
The-Wienery-Minneapolis,KeyError
Casino-El-Camino-Austin,KeyError
GandA-Restaurant-Baltimore,KeyError
Uncle-Lous-Memphis,KeyError
Uncle-Lous-Memphis,KeyError
Captain-Chuck-A-Mucks-Rescue,3
Captain-Chuck-A-Mucks-Rescue,KeyError
Dixie-Quicks-Omaha,4
Dixie-Quicks-Omaha,KeyError
Cabbage-Town-Market-Atlanta,KeyError
Cabbage-Town-Market-Atlanta,KeyError
The-Cove-San-Antonio,4
Bryant-Lake-Bowl-Minneapolis,4.5
Jamaica-Kitchen-Kendall-Lakes,3.5
Jamaica-Kitchen-Kendall-Lakes,3.5
Crystal-Restaurant-Pittsburgh,KeyError
Crystal-Restaurant-Pittsburgh,3.5
Red-Iguana-Salt-Lake-City,3.5
Colonnade-Atlanta,3.5
Colonnade-Atlanta,3
Mancis-Antique-Club-Daphne,KeyError
Amatos-Omaha,KeyError
Darwells-Cafe-Long-Beach,KeyError
Brick-Oven-Pizza-Baltimore,KeyError
Victors-1959-Cafe-Minneapolis,KeyError
Nadines-Restaurant-Pittsburgh,4
Nadines-Restaurant-Pittsburgh,KeyError
Casamentos-Restaurant-New-Orleans,KeyError
Big-Mamas-Kitchen-and-Catering-Omaha,KeyError
Moochies-Meatballs-and-More-Salt-Lake-City,KeyError
Cemitas-Puebla-Chicago,KeyError
Tiolis-Crazee-Burger-San-Diego,KeyError
Donatellis-White-Bear-Lake,KeyError
Stoney-Creek-Inn-Baltimore,KeyError
Alcenias-Memphis,KeyError
Alcenias-Memphis,KeyError
Lone-Star-Taqueria-Salt-Lake-City,KeyError
Modern-Cafe-Minneapolis,4
Brewburgers-Omaha,4.5
Surrey’s-Cafe-New-Orleans,3
Surrey’s-Cafe-New-Orleans,KeyError
Harry’s-Roadhouse-Santa-Fe,KeyError
Harry’s-Roadhouse-Santa-Fe,KeyError
Dor-Stop-Restaurant-Pittsburgh,KeyError
LoBello’s-Spaghetti-House-Coraopolis,KeyError
LoBello’s-Spaghetti-House-Coraopolis,KeyError
Di-Pasquale’s-Baltimore,3.5
Di-Pasquale’s-Baltimore,3.5
Pizzeria-Luigi-San-Diego,KeyError
Sophia’s-Place-Albuquerque,3.5
Sophia’s-Place-Albuquerque,KeyError
Magnolia-Cafe-Austin,4.5
Glenn’s-Diner-Chicago,KeyError
Glenn’s-Diner-Chicago,KeyError
Ruth’s-Diner-Salt-Lake-City,KeyError
Ruth’s-Diner-Salt-Lake-City,3.5
O’Rourke’s-Diner-Middletown,KeyError
O’Rourke’s-Diner-Middletown,4
Parasol’s-New-Orleans,KeyError
Parasol’s-New-Orleans,KeyError
Tommy’s-Joynt-San-Francisco,KeyError
Tommy’s-Joynt-San-Francisco,4
Joe-Tess-Place-Omaha,KeyError
Big-Jim’s-Pittsburgh,KeyError
Big-Jim’s-Pittsburgh,KeyError
Valencia-Luncheria-Norwalk,3.5
The-Original-Vito-and-Nick’s-Pizzeria-Chicago,4
The-Original-Vito-and-Nick’s-Pizzeria-Chicago,KeyError
Emily’s-Lebanese-Delicatessen-Minneapolis,KeyError
Emily’s-Lebanese-Delicatessen-Minneapolis,KeyError
Pat’s-BBQ-Salt-Lake-City,4
Pat’s-BBQ-Salt-Lake-City,KeyError
Blow-Fly-Inn-Gulfport,4
Tune-Up-Cafe-Santa-Fe,KeyError
Hob-Nob-Hill-San-Diego,KeyError
The-Silver-Skillet-Atlanta,KeyError
Tufano’s-Vernon-Park-Tap-Chicago,KeyError
Tufano’s-Vernon-Park-Tap-Chicago,KeyError
Standard-Diner-Albuquerque,KeyError
Dell-Rheas-Chicken-Basket-Willowbrook,4
Salsa-Brava-Flagstaff,4
Green-Mesquite-Austin,KeyError
Gorilla-BBQ-Pacifica,KeyError
Gorilla-BBQ-Pacifica,KeyError
Wilson’s-Holy-Smoke-BBQ-Fairfield,KeyError
Wilson’s-Holy-Smoke-BBQ-Fairfield,KeyError
Cecilia’s-Cafe-Albuquerque,KeyError
Cecilia’s-Cafe-Albuquerque,KeyError
Joey-K’s-Restaurant-and-Bar-New-Orleans,4
Joey-K’s-Restaurant-and-Bar-New-Orleans,4
Kelly-O’s-Diner-Pittsburgh,KeyError
Kelly-O’s-Diner-Pittsburgh,KeyError
Super-Duper-Weenie-Fairfield,KeyError
California-Tacos-Omaha,KeyError
California-Tacos-Omaha,4.5
Bert’s-Burger-Bowl-Santa-Fe,4.5
Bert’s-Burger-Bowl-Santa-Fe,4
Giusti’s-Walnut-Grove,KeyError
Giusti’s-Walnut-Grove,3.5
Haus-Murphy’s-Glendale,KeyError
Haus-Murphy’s-Glendale,KeyError
Louie’s-Dallas,KeyError
Louie’s-Dallas,3.5
Bizzaro-Cafe-Seattle,4.5
Bizzaro-Cafe-Seattle,2.5
Chef-Point-Cafe-Wautaga,4.5
Chef-Point-Cafe-Wautaga,3.5
Jamie’s-Bar-and-Grill-Sacramento,KeyError
Jamie’s-Bar-and-Grill-Sacramento,KeyError
Bluewater-Seafood-Market-and-Grill-San-Diego,KeyError
Bluewater-Seafood-Market-and-Grill-San-Diego,KeyError
Brandy’s-Restaurant-and-Bakery-Flagstaff,KeyError
Brandy’s-Restaurant-and-Bakery-Flagstaff,KeyError
Kuma’s-Corner-Chicago,KeyError
Kuma’s-Corner-Chicago,KeyError
Bar-Gernika-Boise,KeyError
Cafe-Rolle-Sacramento,KeyError
Havana-Hideout-Lake-Worth,KeyError
"""-A-Bowl-and-a-Slice*""""-La-Piazza-Al-Forno""",KeyError
"""-A-Bowl-and-a-Slice*""""-La-Piazza-Al-Forno""",KeyError
"""-A-Bowl-and-a-Slice*""""-Slim’s-Last-Chance-Chili-Shack-&-Watering-Hole""",KeyError
"""-A-Bowl-and-a-Slice*""""-Slim’s-Last-Chance-Chili-Shack-&-Watering-Hole""",4
"""-A-Bowl-and-a-Slice*""""-Twisted-Root-Beer-Co.""",KeyError
"""-A-Bowl-and-a-Slice*""""-Twisted-Root-Beer-Co.""",4
"""-Bagels-and-BLTs*""""-Arleta-Library""",KeyError
"""-Bagels-and-BLTs*""""-Arleta-Library""",KeyError
"""-Bagels-and-BLTs*""""-Bubba’s-Diner""",4
"""-Bagels-and-BLTs*""""-Bubba’s-Diner""",KeyError
"""-Bagels-and-BLTs*""""-Flakowitz-of-Boynton-Bakery-&-Deli-Restaurant""",KeyError
"""-Bagels-and-BLTs*""""-Flakowitz-of-Boynton-Bakery-&-Deli-Restaurant""",KeyError
Backroad-Pizza-Santa-Fe,3.5
Jamaica-Gates-Caribbean-Cuisine-Arlington,3.5
Chef-Lou’s-Westside-Drive-In-Boise,4
Chef-Lou’s-Westside-Drive-In-Boise,KeyError
Black-Duck-Cafe-Westport,KeyError
Otto’s-Sausage-Kitchen-and-Meat-Market-Portland,4
Otto’s-Sausage-Kitchen-and-Meat-Market-Portland,4.5
Sol-Food-Puerto-Rican-Cuisine-San-Rafael,KeyError
Giuseppe’s-Restaurant-Phoenix,3.5
Giuseppe’s-Restaurant-Phoenix,KeyError
Southern-Kitchen-Restaurant-Tacoma,KeyError
Southern-Kitchen-Restaurant-Tacoma,KeyError
Zia-Diner-and-Angel-Food-Catering-Santa-Fe,KeyError
Zia-Diner-and-Angel-Food-Catering-Santa-Fe,4
Blue-Marlin-Fish-House-Restaurant-North-Miami-Beach,KeyError
Fred’s-Texas-Cafe-Fort-Worth,KeyError
Fred’s-Texas-Cafe-Fort-Worth,KeyError
Pine-State-Biscuits-Portland,KeyError
Georgia-Greek-Restaurant-and-Deli-Seattle,KeyError
Georgia-Greek-Restaurant-and-Deli-Seattle,KeyError
Los-Tacquitos-Grill-Phoenix,4
Los-Tacquitos-Grill-Phoenix,KeyError
Rocco’s-Cafe-San-Francisco,4
Rocco’s-Cafe-San-Francisco,3.5
Blueplate-Lunch-Counter-and-Soda-Fountain-Portland,KeyError
Don’s-Hilltop-Kodiak-Grill-Boise,4
Don’s-Hilltop-Kodiak-Grill-Boise,KeyError
La-Camoronera-Restaurant-and-Fish-Market-Miami,KeyError
La-Camoronera-Restaurant-and-Fish-Market-Miami,KeyError
Dottie’s-True-Blue-Cafe-San-Francisco,KeyError
Dottie’s-True-Blue-Cafe-San-Francisco,KeyError
Over-Easy-Phoenix,KeyError
Comet-Cafe-Milwaukee,KeyError
Polka-Restaurant-and-Catering-Los-Angeles,4
Polka-Restaurant-and-Catering-Los-Angeles,3
Avila’s-Cafe-Dallas,4
Avila’s-Cafe-Dallas,4.5
Mama-Es-Oklahoma-City,4
Mama-Es-Oklahoma-City,KeyError
Bunk-Sandwiches-Portland,KeyError
Sonny’s-Famous-Steak-Hogies-Hollywood,KeyError
Sonny’s-Famous-Steak-Hogies-Hollywood,KeyError
The-Depot-American-Diner-Chicago,KeyError
"""-Tacos-and-Dogs*""""-Lankford-Grocery""",4
"""-Tacos-and-Dogs*""""-Lankford-Grocery""",3.5
"""-Tacos-and-Dogs*""""-Fab-Hot-Dogs""",KeyError
"""-Tacos-and-Dogs*""""-Fab-Hot-Dogs""",4
"""-Tacos-and-Dogs*""""-Cempazuchi""",KeyError
"""-Tacos-and-Dogs*""""-Cempazuchi""",KeyError
Rick’s-Press-Room-and-Grill-Meridian,KeyError
Rick’s-Press-Room-and-Grill-Meridian,KeyError
Nic’s-Grill-Oklahoma-City,4.5
Nic’s-Grill-Oklahoma-City,4
Pam’s-Kitchen-Seattle,KeyError
Pam’s-Kitchen-Seattle,4.5
Prince-Lebanese-Grill-Arlington,4.5
Tre-Kronor-Chicago,KeyError
La-Texanita-Santa-Rosa,KeyError
La-Texanita-Santa-Rosa,KeyError
Podnah’s-Pit-Barbeque-Portland,4
Podnah’s-Pit-Barbeque-Portland,KeyError
Donnie-Mac’s-Trailer-Park-Cuisine-Boise,3
Donnie-Mac’s-Trailer-Park-Cuisine-Boise,3.5
Whale’s-Rib-Deerfield-Beach,4.5
Whale’s-Rib-Deerfield-Beach,KeyError
Eischen’s-Bar-and-Grill-Okarche,KeyError
Eischen’s-Bar-and-Grill-Okarche,KeyError
Mom’s-Tamales-Los-Angeles,KeyError
Mom’s-Tamales-Los-Angeles,KeyError
Kenny-and-Ziggy’s-Houston,KeyError
Kenny-and-Ziggy’s-Houston,4.5
Tap-Tap-Haitian-Restaurant-Miami-Beach,KeyError
Pok-Pok-Portland,4
Niko-Niko’s-Houston,KeyError
Niko-Niko’s-Houston,KeyError
"""-Baked-and-Brined*""""-Honky-Tonk-BBQ""",KeyError
"""-Baked-and-Brined*""""-Honky-Tonk-BBQ""",KeyError
"""-Baked-and-Brined*""""-Pizzalchik""",KeyError
"""-Baked-and-Brined*""""-Pizzalchik""",KeyError
"""-Baked-and-Brined*""""-Lucky’s-Café""",4
"""-Baked-and-Brined*""""-Lucky’s-Café""",KeyError
Cattlemens-Steakhouse-Oklahoma-City,KeyError
Sam-LaGrassas-Boston,KeyError
Nickel-Diner-Los-Angeles,4
Parkview-Nightclub-Cleveland,3
Parkview-Nightclub-Cleveland,4.5
The-Shanty-Wadsworth,KeyError
Grover’s-Bar-and-Grill-East-Amherst,KeyError
Grover’s-Bar-and-Grill-East-Amherst,4
Louis-Family-Restaurant-Providence,4
Louis-Family-Restaurant-Providence,4
Cafe-Pita+-Houston,KeyError
Cafe-Pita+-Houston,KeyError
Mambos-Cafe-Glendale,4
The-Little-Depot-Diner-Peabody,3.5
Santa-Cruz-Diner-Santa-Cruz,KeyError
The-Diner-Norman,KeyError
Lake-Effect-Diner-Buffalo,KeyError
Geraci’s-Restaurant-Cleveland,KeyError
Geraci’s-Restaurant-Cleveland,KeyError
Morin’s-Hometown-Bar-and-Grill-Attleboro,KeyError
Morin’s-Hometown-Bar-and-Grill-Attleboro,3
"""-Steaks-and-Chops*""""-Mr.-Bartley’s-Gourmet-Burgers""",KeyError
"""-Steaks-and-Chops*""""-Mr.-Bartley’s-Gourmet-Burgers""",4
"""-Steaks-and-Chops*""""-T-Bone-Tom’s-Steakhouse""",2.5
"""-Steaks-and-Chops*""""-T-Bone-Tom’s-Steakhouse""",KeyError
"""-Steaks-and-Chops*""""-Tee-Off-Bar-&-Grill""",4
"""-Steaks-and-Chops*""""-Tee-Off-Bar-&-Grill""",3.5
"""-Pork-and-Paprikash*""""-Pizza-Junction""",KeyError
"""-Pork-and-Paprikash*""""-Pizza-Junction""",4
"""-Pork-and-Paprikash*""""-Sterle’s-Slovenian-Country-House""",KeyError
"""-Pork-and-Paprikash*""""-Sterle’s-Slovenian-Country-House""",KeyError
"""-Pork-and-Paprikash*""""-Q-Restaurant""",KeyError
"""-Pork-and-Paprikash*""""-Q-Restaurant""",3
"""-Stuffed-and-Loaded*""""-Bob’s-Taco-Station""",KeyError
"""-Stuffed-and-Loaded*""""-Bob’s-Taco-Station""",KeyError
"""-Stuffed-and-Loaded*""""-Crazy-Burger-Café-&-Juice-Bar""",KeyError
"""-Stuffed-and-Loaded*""""-Crazy-Burger-Café-&-Juice-Bar""",KeyError
"""-Stuffed-and-Loaded*""""-The-Oinkster""",KeyError
"""-Stuffed-and-Loaded*""""-The-Oinkster""",KeyError
Rudy’s-Can’t-Fail-Cafe-Emeryville,KeyError
Rudy’s-Can’t-Fail-Cafe-Emeryville,KeyError
900-Grayson-Restaurant-Berkeley,KeyError
900-Grayson-Restaurant-Berkeley,KeyError
Rick-and-Ann’s-Restaurant-Berkeley,4
Rick-and-Ann’s-Restaurant-Berkeley,KeyError
Taste-of-Peru-Chicago,3.5
Ingrid’s-Kitchen-Oklahoma-City,3.5
Ingrid’s-Kitchen-Oklahoma-City,4
Blackthorn-Restaurant-and-Pub-Buffalo,4
South-21-Drive-In-Charlotte,KeyError
South-21-Drive-In-Charlotte,KeyError
Red-Lion-Pub-and-Restaurant-Houston,KeyError
Red-Lion-Pub-and-Restaurant-Houston,KeyError
Melt-Bar-and-Grilled-Lakewood,4
Pawley’s-Front-Porch-Columbia,4
Pawley’s-Front-Porch-Columbia,4
Sophia-Restaurant-Buffalo,4.5
Sophia-Restaurant-Buffalo,4.5
Bette’s-Oceanview-Diner-Berkeley,4.5
Bette’s-Oceanview-Diner-Berkeley,KeyError
The-Liberty-Elm-Diner-Providence,4
Naglee-Park-Garage-San-Jose,KeyError
Dish-Charlotte,4
Earl’s-Drive-In-Chaffee,KeyError
Earl’s-Drive-In-Chaffee,KeyError
Aldo’s-Harbor-Restaurant-Santa-Cruz,3.5
Aldo’s-Harbor-Restaurant-Santa-Cruz,KeyError
Momocho-Cleveland,4.5
Dish-Cafe-and-Catering-Reno,KeyError
Landmark-Restaurant-Charlotte,KeyError
Landmark-Restaurant-Charlotte,3.5
Pier-23-Cafe-San-Francisco,KeyError
Highway-Inn-and-Ho’okipa-Catering-Waipahu,KeyError
Highway-Inn-and-Ho’okipa-Catering-Waipahu,4
Hank’s-Haute-Dogs-Honolulu,KeyError
Hank’s-Haute-Dogs-Honolulu,3.5
Nico’s-Pier-38-Honolulu,4
Nico’s-Pier-38-Honolulu,KeyError
Germaine’s-Luau-Kapolei,KeyError
Germaine’s-Luau-Kapolei,KeyError
North-End-Cafe-Manhattan-Beach,KeyError
Gold-‘N-Silver-Inn-Reno,KeyError
Gold-‘N-Silver-Inn-Reno,KeyError
Singleton’s-Seafood-Shack-Atlantic-Beach,KeyError
Singleton’s-Seafood-Shack-Atlantic-Beach,KeyError
The-Farmer’s-Shed-Lexington,KeyError
The-Farmer’s-Shed-Lexington,4.5
Poke-Stop-at-Mililana-Mauka-Llc.-Mililani,KeyError
Poke-Stop-at-Mililana-Mauka-Llc.-Mililani,3.5
Mulberry-Cafe-Lackawanna,4
Mulberry-Cafe-Lackawanna,3
Louis’-Basque-Corner-Reno,4.5
Louis’-Basque-Corner-Reno,KeyError
13-Gypsies-Jacksonville,4
Gloria’s-Cafe-Los-Angeles,4
Gloria’s-Cafe-Los-Angeles,4.5
Cafe-Citti-Kenwood,KeyError
Cabo-Fish-Taco-Charlotte,4
Murphy’s-Bar-and-Grill-Honolulu,4.5
Murphy’s-Bar-and-Grill-Honolulu,KeyError
At-Last-Cafe-Long-Beach,KeyError
Virgil’s-Cafe-Bellevue,3.5
Virgil’s-Cafe-Bellevue,KeyError
Martin’s-Bar-B-Que-Joint-Nolensville,4.5
Martin’s-Bar-B-Que-Joint-Nolensville,4
"""-Smoked-and-Sauced*""""-Terry’s-Turf-Club""",KeyError
"""-Smoked-and-Sauced*""""-Terry’s-Turf-Club""",KeyError
"""-Smoked-and-Sauced*""""-Schellville-Grille""",3.5
"""-Smoked-and-Sauced*""""-Schellville-Grille""",KeyError
"""-Smoked-and-Sauced*""""-Jake’s-Good-Eats""",3
"""-Smoked-and-Sauced*""""-Jake’s-Good-Eats""",3.5
Jax-At-The-Trax-Truckee,3.5
Jax-At-The-Trax-Truckee,4
Culhane’s-Irish-Pub-Atlantic-Beach,4
Culhane’s-Irish-Pub-Atlantic-Beach,KeyError
Blue-Ash-Chili-Restaurant-Cincinnati,KeyError
Don-Chow-Tacos-Los-Angeles,KeyError
Rainbow-Drive-In-Honolulu,4.5
Northern-Waters-Smokehaus-Duluth,4
Blackwater-Grill-Saint-Simons-Island,KeyError
Comet-Ping-Pong-Washington-D.C.,KeyError
Comet-Ping-Pong-Washington-D.C.,4
Wallace-Station-Versailles,KeyError
Wallace-Station-Versailles,3.5
Smokin’-Guns-BBQ-North-Kansas-City,KeyError
Smokin’-Guns-BBQ-North-Kansas-City,4
RJ’s-Bob-Be-Que-Shack-Mission,4.5
RJ’s-Bob-Be-Que-Shack-Mission,4.5
Johnny’s-Bar-B-Q-Mission,4.5
Johnny’s-Bar-B-Q-Mission,KeyError
Woodyard-Bar-B-Que-Kansas-City,4
Swagger-Fine-Spirits-and-Food-Kansas-City,4.5
Burger-Me!-Truckee,3.5
Burger-Me!-Truckee,KeyError
Athens-Family-Restaurant-Nashville,3.5
Paul’s-Coffee-Shop-Fountain-Valley,4
Paul’s-Coffee-Shop-Fountain-Valley,4
Rick’s-White-Light-Diner-Frankfort,3.5
Rick’s-White-Light-Diner-Frankfort,4
Gordy’s-Hi-Hat-Cloquet,2.5
Gordy’s-Hi-Hat-Cloquet,KeyError
Arnold’s-Country-Kitchen-Nashville,4
Arnold’s-Country-Kitchen-Nashville,4.5
Southern-Soul-Barbeque-Saint-Simons-Island,KeyError
Maine-Diner-Wells,KeyError
Kramarczuk’s-Minneapolis,KeyError
Kramarczuk’s-Minneapolis,KeyError
Happy-Gillis-Cafe-and-Hangout-Kansas-City,4.5
Hillbilly-Hot-Dogs-Lesage,KeyError
Mama-Cozza’s-Anaheim,4
Mama-Cozza’s-Anaheim,KeyError
Tune-In-Restaurant-Washington-D.C.,KeyError
Tune-In-Restaurant-Washington-D.C.,4
Bob’s-Clam-Hut-Kittery,3.5
Bob’s-Clam-Hut-Kittery,4.5
Greek-Corner-Restaurant-Cambridge,KeyError
Bro’s-Cajun-Cuisine-Nashville,3.5
Bro’s-Cajun-Cuisine-Nashville,4.5
The-General-Store-Silver-Spring,3.5
Parkette-Drive-In-Lexington,3.5
Metro-Diner-Jacksonville,3.5
Al’s-Breakfast-Minneapolis,4
Al’s-Breakfast-Minneapolis,4.5
"""-Dogs-and-Claws*""""-The-Lobster-Shanty""",4
"""-Dogs-and-Claws*""""-The-Lobster-Shanty""",4
"""-Dogs-and-Claws*""""-The-Brick""",4
"""-Dogs-and-Claws*""""-The-Brick""",4
"""-Dogs-and-Claws*""""-Oohh’s-&-Aahh’s-Gourmet-Deli""",KeyError
"""-Dogs-and-Claws*""""-Oohh’s-&-Aahh’s-Gourmet-Deli""",4
J.J.-McBrewster’s-Lexington,KeyError
J.J.-McBrewster’s-Lexington,4
At-Sara’s-Table-Chester-Creek-Cafe-Duluth,4
At-Sara’s-Table-Chester-Creek-Cafe-Duluth,4.5
Cafe-Rakka-Hendersonville,KeyError
Rino’s-Place-East-Boston,3.5
Rino’s-Place-East-Boston,KeyError
The-Blue-Door-Pub-Saint-Paul,KeyError
Bay-Way-Diner-Linden,4
Bay-Way-Diner-Linden,KeyError
"""-Filled-and-Fried*""""-Chaps-Coffee-Co.""",KeyError
"""-Filled-and-Fried*""""-Chaps-Coffee-Co.""",KeyError
"""-Filled-and-Fried*""""-Good-Dog-Bar-&-Restaurant""",4
"""-Filled-and-Fried*""""-Good-Dog-Bar-&-Restaurant""",4.5
"""-Filled-and-Fried*""""-Porthole-Restaurant""",KeyError
"""-Filled-and-Fried*""""-Porthole-Restaurant""",KeyError
LaCaraquena-Falls-Church,KeyError
LaCaraquena-Falls-Church,KeyError
Savarino’s-Cucina-Nashville,4.5
Savarino’s-Cucina-Nashville,KeyError
Brats-Brothers-Sherman-Oaks,4
George’s-Place-Cape-May,3.5
George’s-Place-Cape-May,4.5
Becky’s-Diner-Portland,KeyError
Becky’s-Diner-Portland,3
Sammy’s-Food-Service-and-Deli-New-Orleans,KeyError
Sammy’s-Food-Service-and-Deli-New-Orleans,KeyError
Meal-Ticket-Berkeley,4
Metro-29-Diner-Arlington,4.5
Duluth-Grill-Duluth,4
10th-Avenue-Burrito-Belmar,4
10th-Avenue-Burrito-Belmar,3.5
Capone’s-Pub-Coeur-d’Alene,KeyError
Capone’s-Pub-Coeur-d’Alene,KeyError
Jamaicaway-Nashville,3.5
Elk-Public-House-Spokane,KeyError
Colossal-Cafe-Minneapolis,KeyError
Maui’s-Dog-House-Wildwood,4
Maui’s-Dog-House-Wildwood,3.5
Tortilla-Cafe-Washington-D.C.,3.5
Tortilla-Cafe-Washington-D.C.,KeyError
Memphis-Taproom-Philadelphia,3.5
The-Golden-Bear-Sacramento,4
"""-Pasta-and-Pork*""""-Mahoney’s-Po-Boy-Shop""",4
"""-Pasta-and-Pork*""""-Mahoney’s-Po-Boy-Shop""",5
"""-Pasta-and-Pork*""""-Hill’s-Restaurant-&-Lounge""",4
"""-Pasta-and-Pork*""""-Hill’s-Restaurant-&-Lounge""",4
"""-Pasta-and-Pork*""""-Q-Fanatic-BBQ""",3.5
"""-Pasta-and-Pork*""""-Q-Fanatic-BBQ""",4
Sage-General-Store-Queens,4
Sage-General-Store-Queens,0
Quahog’s-Seafood-Shack-Stone-Harbor,4
Quahog’s-Seafood-Shack-Stone-Harbor,4
W.O.W.---Worth-Our-Weight-Santa-Rosa,3.5
W.O.W.---Worth-Our-Weight-Santa-Rosa,KeyError
Louie-and-The-Red-Head-Lady-Mandeville,4
Honey’s-Sit-N-Eat-Philadelphia,4
Honey’s-Sit-N-Eat-Philadelphia,KeyError
Picabu-Neighborhood-Bistro-Spokane,KeyError
The-Pit-Stop-Merrick,KeyError
Gatsby’s-Diner-Sacramento,4
Gatsby’s-Diner-Sacramento,4
Anchor-Bar-Superior,4
La-Pines-Cafe-Slidell,KeyError
Steuben’s-Food-Service-Denver,KeyError
Steuben’s-Food-Service-Denver,KeyError
3-Sisters-Cafe-Indianapolis,4
Jimmy’s-Down-the-Street-Coeur-d’Alene,4.5
Jimmy’s-Down-the-Street-Coeur-d’Alene,4
Aunt-Mary’s-Cafe-Oakland,4
Aunt-Mary’s-Cafe-Oakland,3.5
Corey’s-Catsup-and-Mustard-Manchester,4
Corey’s-Catsup-and-Mustard-Manchester,3
Pineville-Tavern-Pineville,KeyError
Indy’s-Historic-Steer-In-Restaurant-Indianapolis,4
Indy’s-Historic-Steer-In-Restaurant-Indianapolis,3.5
Dad’s-Kitchen-Sacramento,4.5
Dad’s-Kitchen-Sacramento,3.5
Ben’s-Best-Deli-Queens,4
Ben’s-Best-Deli-Queens,4.5
Foolish-Craig’s-Cafe-Boulder,KeyError
Foolish-Craig’s-Cafe-Boulder,KeyError
Waddell’s-Pub-and-Grille-Spokane,KeyError
Waddell’s-Pub-and-Grille-Spokane,KeyError
Katie’s-Restaurant-New-Orleans,KeyError
Katie’s-Restaurant-New-Orleans,4
Jersey-Cafe-Carmel,3.5
Jersey-Cafe-Carmel,4
Merritt-Canteen-Inc.-Bridgeport,3.5
Merritt-Canteen-Inc.-Bridgeport,4
Sunflower-Cafe-Sonoma,4
Sunflower-Cafe-Sonoma,4
Hildebrandt’s-Williston-Park,4.5
Hildebrandt’s-Williston-Park,KeyError
The-Bagel-Delicatessen-and-Restaurant-Denver,4.5
The-Barking-Dog-Indianapolis,4
The-Barking-Dog-Indianapolis,KeyError
Putah-Creek-Cafe-Winters,KeyError
The-Old-Coffee-Pot-Restaurant-New-Orleans,KeyError
Jimtown-Store-Healdsburg,4
Dough-Pizzeria-Napoletana-San-Antonio,4
Sam’s-No.-3-Denver,KeyError
Sam’s-No.-3-Denver,4.5
The-Sparrow-Tavern-Queens,4.5
The-Sparrow-Tavern-Queens,4
Catelli’s-Geyserville,4.5
Catelli’s-Geyserville,4
Zest-Indianapolis,KeyError
Zest-Indianapolis,4
Lauer-Krauts-Brighton,KeyError
Moroccan-Bites-San-Antonio,KeyError
California-Tacos-To-Go-Tampa,KeyError
HRD-Coffee-Shop-San-Francisco,KeyError
The-Tamale-Place-Indianapolis,3.5
Garifuna-Flava-Chicago,KeyError
Bun-‘N-Barrel-San-Antonio,4.5
Bun-‘N-Barrel-San-Antonio,KeyError
Tocabe-American-Indian-Eatery-Denver,KeyError
Munch’s-Restaurant-and-Sundries-Saint-Petersburg,4
Munch’s-Restaurant-and-Sundries-Saint-Petersburg,4
Broken-Record-San-Francisco,4
Bang!-Denver,KeyError
Bang!-Denver,KeyError
Jose’s-Real-Cuban-Food-Bradenton,KeyError
Jose’s-Real-Cuban-Food-Bradenton,KeyError
The-Sink-Boulder,KeyError
Nana-Organic-Chicago,KeyError
Nana-Organic-Chicago,KeyError
Get-Fresh-Cafe-Norfolk,KeyError
Tampa-Bay-Brewing-Co.-Tampa,4.5
Tampa-Bay-Brewing-Co.-Tampa,KeyError
Zydeco’s-Mooresville,KeyError
Zydeco’s-Mooresville,KeyError
Chilam-Balam-Chicago,KeyError
Irazu-Chicago,KeyError
Irazu-Chicago,KeyError
Beto’s-Comida-Latina-San-Antonio,3.5
Beto’s-Comida-Latina-San-Antonio,KeyError
Tortilleria-Nixtamal-Queens,KeyError
Taco-Taco-Mexican-Restaurant-San-Antonio,KeyError
Taco-Taco-Mexican-Restaurant-San-Antonio,4
Whitners-Barbeque-Virginia-Beach,4
DMK-Burger-Bar-Chicago,KeyError
Rigoletto-Italian-Bakery-and-Cafe-Virginia-Beach,KeyError
Rigoletto-Italian-Bakery-and-Cafe-Virginia-Beach,KeyError
Chuck’s-Southern-Comforts-Cafe-Burbank,KeyError
Chuck’s-Southern-Comforts-Cafe-Burbank,3.5
El-Bohio-San-Antonio,KeyError
El-Bohio-San-Antonio,KeyError
"""-Lunch-and-Dinner*""""-Magnolia-Pancake-Haus""",KeyError
"""-Lunch-and-Dinner*""""-Magnolia-Pancake-Haus""",4.5
"""-Lunch-and-Dinner*""""-Taco-Bus""",KeyError
"""-Lunch-and-Dinner*""""-Taco-Bus""",KeyError
"""-Lunch-and-Dinner*""""-Beach-Pub""",KeyError
"""-Lunch-and-Dinner*""""-Beach-Pub""",KeyError
"""-Pancakes-and-Pork*""""-Supino-Pizzeria""",4
"""-Pancakes-and-Pork*""""-Supino-Pizzeria""",KeyError
"""-Pancakes-and-Pork*""""-Big-&-Littles""",KeyError
"""-Pancakes-and-Pork*""""-Big-&-Littles""",KeyError
"""-Pancakes-and-Pork*""""-Citrus-Breakfast-&-Lunch""",KeyError
"""-Pancakes-and-Pork*""""-Citrus-Breakfast-&-Lunch""",KeyError
Polish-Village-Cafe-Hamtramck,KeyError
Leaping-Lizards-Cafe-Virginia-Beach,4
Leaping-Lizards-Cafe-Virginia-Beach,4
Jethros-Fine-Grub-Vancouver,KeyError
Fresh-Local-Wild-Vancouver,4
Traffic-Jam-and-Snug-Detroit,4
Panozzos-Italian-Market-Chicago,4.5
Tomahawk-Restaurant-North-Vancouver,KeyError
Tomahawk-Restaurant-North-Vancouver,4
Dannys-All-American-Diner-Tampa,4
Clarkston-Union-Bar-and-Kitchen-Clarkston,3
Union-Woodshop-Clarkston,4.5
Michigan-Brewing-Co.-Webberville,4
Michigan-Brewing-Co.-Webberville,4
Red-Wagon-Cafe-Vancouver,4.5
Perfectly-Franks-Summerville,4
Mamas-Food-Shop-Manhattan,KeyError
Mamas-Food-Shop-Manhattan,KeyError
Litos-Mexican-Restaurant-Santa-Barbara,4.5
Litos-Mexican-Restaurant-Santa-Barbara,3.5
Save-On-Meats-Vancouver,4
The-Redhead-Manhattan,KeyError
The-Redhead-Manhattan,4.5
Rincon-Criollo-Queens,4
Tattooed-Moose-Charleston,4.5
Falconettis-Vancouver,4.5
Falconettis-Vancouver,4
Johns-of-12th-Street-Manhattan,KeyError
Johns-of-12th-Street-Manhattan,KeyError
Macs-Fish-and-Chip-Shop-Santa-Barbara,KeyError
The-Early-Bird-Diner-Charleston,4.5
The-Early-Bird-Diner-Charleston,KeyError
Boulevard-Diner-Dundalk,KeyError
The-Kitchen-Oxnard,KeyError
Sidecar-Brooklyn,KeyError
Peaceful-Restaurant-Vancouver,KeyError
Flip-Flops-Grill-and-Chill-Virginia-Beach,4
'"''""-New-Craves*""""-Norton''''s-Pastrami-&-Deli""''"',KeyError
'"''""-New-Craves*""""-Norton''''s-Pastrami-&-Deli""''"',KeyError
"""-New-Craves*""""-Meat-&-Bread""",4
"""-New-Craves*""""-Meat-&-Bread""",4.5
"""-New-Craves*""""-Fuel-Cantina""",4
"""-New-Craves*""""-Fuel-Cantina""",4
Defontes-Sandwich-Shop-Brooklyn,4
The-Glass-Onion-Charleston,4
Galway-Bay-Irish-Pub-Annapolis,KeyError
Galway-Bay-Irish-Pub-Annapolis,KeyError
RandR-Taqueria-Elkridge,KeyError
RandR-Taqueria-Elkridge,4
Nyes-Polonaise-Room-Minneapolis,4.5
Moseberths-Fried-Chicken-Portsmouth,3.5
Moseberths-Fried-Chicken-Portsmouth,KeyError
Joe-Squared-Pizza-Baltimore,4.5
Pepes-and-Mitos-Dallas,4
Pepes-and-Mitos-Dallas,4
Savoy-Cafe-and-Deli-Santa-Barbara,4.5
Pizzeria-Lola-Minneapolis,KeyError
Monument-Cafe-Georgetown,4.5
Lukes-Inside-Out-Austin,4.5
Smack-Shack-at-The-1029-Bar-Minneapolis,KeyError
Smack-Shack-at-The-1029-Bar-Minneapolis,5
Maple-and-Motor-Dallas,4.5
Broders-Cucina-Italiana-Minneapolis,KeyError
Chop-House-Burgers-Arlington,KeyError
Petes-Breakfast-House-Ventura,4
Petes-Breakfast-House-Ventura,3.5
Sip-and-Bite-Restaurant-Baltimore,4
Marlas-Caribbean-Cuisine-Minneapolis,KeyError
Cane-Rosso-Dallas,3.5
Counter-Cafe-Austin,KeyError
Smalleys-Caribbean-Barbeque-Stillwater,KeyError
Johnny-Garlics-Santa-Rosa,4
Harveys-Hot-Dogs-II-Portsmouth,KeyError
Harveys-Hot-Dogs-II-Portsmouth,KeyError
Pecan-Lodge-Dallas,KeyError
John-Mulls-Meats-and-Road-Kill-Grill-Las-Vegas,KeyError
"""-All-the-Time*""""-Naked-City-Pizza""",4
"""-All-the-Time*""""-Naked-City-Pizza""",3.5
"""-All-the-Time*""""-Forte-European-Tapas-Bar-&-Bistro""",KeyError
"""-All-the-Time*""""-Forte-European-Tapas-Bar-&-Bistro""",4
"""-All-the-Time*""""-UNLV""",KeyError
"""-All-the-Time*""""-UNLV""",KeyError
Lolas---A-Louisiana-Kitchen-Las-Vegas,KeyError
Lolas---A-Louisiana-Kitchen-Las-Vegas,KeyError
Noble-Pig-Sandwiches-Austin,3.5
Casper-and-Runyons-Nook-Saint-Paul,KeyError
Casper-and-Runyons-Nook-Saint-Paul,KeyError
Bachi-Burger-Las-Vegas,3
Afrah-Richardson,KeyError
Afrah-Richardson,KeyError
Gazalas-Place-Manhattan,3.5
Gazalas-Place-Manhattan,KeyError
Hopleaf-Bar-Chicago,KeyError
Foreign-and-Domestic-Austin,KeyError
Jawaiian-Irie-Jerk-Restaurant-Honolulu,KeyError
Taste-of-Europe-Arlington,KeyError
Taste-of-Europe-Arlington,3.5
Yayo-Taco-Las-Vegas,KeyError
Camilles-on-Wheels-Kailua,KeyError
Chicago-Brauhaus-Chicago,KeyError
Dixie-Supply-Bakery-and-Cafe-Charleston,KeyError
Heeia-Kea-Pier-General-Store-and-Deli-Kaneohe,4
Rex-Italian-Foods-Norridge,KeyError
Memphis-Street-Cafe-Hernando,4
bopNgrill-Chicago,KeyError
Sweet-Home-Waimanalo-Waimanalo,KeyError
90-Miles-Cuban-Cafe-Chicago,4
Davis-Pub-Annapolis,KeyError
Memphis-Barbecue-Co.-Horn-Lake,4
Memphis-Barbecue-Co.-Horn-Lake,4
Fresh-Catch-Honolulu,2.5
Italian-Express-Pizzeria-East-Boston,4
Italian-Express-Pizzeria-East-Boston,4
Cuttys-Brookline,KeyError
Tupelo-Cambridge,KeyError
Pattis-Pierogis-Fall-River,KeyError
Angelos-Civito-Farnese-Providence,KeyError
Angelos-Civito-Farnese-Providence,KeyError
Mediterraneo-Caffe-Providence,5
South-Of-Beale-(SOB)-Memphis,KeyError
South-Of-Beale-(SOB)-Memphis,4.5
Big-Wave-Shrimp-Truck-Haleiwa,KeyError
Big-Wave-Shrimp-Truck-Haleiwa,4
Chaps-Pit-Beef-Baltimore,KeyError
"""-Noodles-and-Quahogs*""""-Boston-Burger-Company""",KeyError
"""-Noodles-and-Quahogs*""""-Boston-Burger-Company""",4.5
'"''""-Noodles-and-Quahogs*""""-Anthony''''s-Seafood""''"',KeyError
'"''""-Noodles-and-Quahogs*""""-Anthony''''s-Seafood""''"',KeyError
"""-Noodles-and-Quahogs*""""-Guerilla-Street-Food""",KeyError
"""-Noodles-and-Quahogs*""""-Guerilla-Street-Food""",3.5
The-Elegant-Farmer-Mukwonago,KeyError
Italian-Corner-East-Providence,4
'"''""-All-the-Time*""""-Anthonino''''s-Taverna""''"',KeyError
'"''""-All-the-Time*""""-Anthonino''''s-Taverna""''"',4
"""-All-the-Time*""""-Three-Angels-Diner""",KeyError
"""-All-the-Time*""""-Three-Angels-Diner""",KeyError
"""-All-the-Time*""""-Opal-Thai-Food""",KeyError
"""-All-the-Time*""""-Opal-Thai-Food""",KeyError
Aunt-Carries-Narragansett,4
Aunt-Carries-Narragansett,KeyError
The-Shaved-Duck-Saint-Louis,4
Angelas-Cafe-East-Boston,4
Angelas-Cafe-East-Boston,3
Dressels-Public-House-Saint-Louis,KeyError
Outer-Banks-Brewing-Station-Kill-Devil-Hills,3.5
Edgewood-Cafe-Cranston,3.5
Kitty-Hoynes-Syracuse,KeyError
